{"cameraMode":{"drawMode":0,"name":"Shaded","section":"Shading Mode"},"sceneLighting":false,"audioPlay":false,"sceneViewState":{"m_AlwaysRefresh":false,"showFog":true,"showSkybox":false,"showFlares":true,"showImageEffects":true,"showParticleSystems":true,"showVisualEffectGraphs":true,"m_FxEnabled":true},"in2DMode":false,"pivot":{"x":-1.3363990783691407,"y":-0.795157253742218,"z":-13.295578002929688},"rotation":{"x":-0.004940964747220278,"y":0.9942096471786499,"z":-0.09394219517707825,"w":-0.05224265530705452},"size":7.911451816558838,"orthographic":false}