{"cameraMode":{"drawMode":0,"name":"Shaded","section":"Shading Mode"},"sceneLighting":false,"audioPlay":false,"sceneViewState":{"m_AlwaysRefresh":false,"showFog":true,"showSkybox":true,"showFlares":true,"showImageEffects":true,"showParticleSystems":true,"showVisualEffectGraphs":true,"m_FxEnabled":true},"in2DMode":false,"pivot":{"x":2.3686678409576418,"y":1.3235301971435547,"z":-11.247825622558594},"rotation":{"x":0.03823387995362282,"y":0.6677168011665344,"z":-0.03332733362913132,"w":0.7434839606285095},"size":1.5647759437561036,"orthographic":false}