{"cameraMode":{"drawMode":0,"name":"Shaded","section":"Shading Mode"},"sceneLighting":true,"audioPlay":false,"sceneViewState":{"m_AlwaysRefresh":false,"showFog":true,"showSkybox":true,"showFlares":true,"showImageEffects":true,"showParticleSystems":true,"showVisualEffectGraphs":true,"m_FxEnabled":true},"in2DMode":false,"pivot":{"x":-4.179045677185059,"y":-1.2036840915679932,"z":1.6398497819900513},"rotation":{"x":-0.14424581825733186,"y":0.42164871096611025,"z":-0.06813366711139679,"w":-0.8926311731338501},"size":8.899049758911133,"orthographic":false}