{"cameraMode":{"drawMode":0,"name":"Shaded","section":"Shading Mode"},"sceneLighting":false,"audioPlay":false,"sceneViewState":{"m_AlwaysRefresh":false,"showFog":true,"showSkybox":true,"showFlares":true,"showImageEffects":true,"showParticleSystems":true,"showVisualEffectGraphs":true,"m_FxEnabled":true},"in2DMode":false,"pivot":{"x":2.535634756088257,"y":1.586868405342102,"z":-16.303924560546876},"rotation":{"x":-0.006757662165910006,"y":0.9584633111953735,"z":0.024913214147090913,"w":0.2861175835132599},"size":3.252657651901245,"orthographic":false}