{"cameraMode":{"drawMode":0,"name":"Shaded","section":"Shading Mode"},"sceneLighting":true,"audioPlay":false,"sceneViewState":{"m_AlwaysRefresh":false,"showFog":true,"showSkybox":true,"showFlares":true,"showImageEffects":true,"showParticleSystems":true,"showVisualEffectGraphs":true,"m_FxEnabled":true},"in2DMode":false,"pivot":{"x":-16.803377151489259,"y":2.321598768234253,"z":2.7062878608703615},"rotation":{"x":0.04967394098639488,"y":-0.7391175031661987,"z":0.05377159267663956,"w":0.6708430647850037},"size":2.612499475479126,"orthographic":false}