{"cameraMode":{"drawMode":0,"name":"Shaded","section":"Shading Mode"},"sceneLighting":true,"audioPlay":false,"sceneViewState":{"m_AlwaysRefresh":false,"showFog":true,"showSkybox":true,"showFlares":true,"showImageEffects":true,"showParticleSystems":true,"showVisualEffectGraphs":true,"m_FxEnabled":true},"in2DMode":false,"pivot":{"x":-3.5049386024475099,"y":-0.35518038272857668,"z":-3.6760735511779787},"rotation":{"x":-0.05723794549703598,"y":0.9204512238502502,"z":-0.1473187953233719,"w":-0.35753586888313296},"size":4.262535572052002,"orthographic":false}