{"cameraMode":{"drawMode":0,"name":"Shaded","section":"Shading Mode"},"sceneLighting":false,"audioPlay":false,"sceneViewState":{"m_AlwaysRefresh":false,"showFog":true,"showSkybox":false,"showFlares":true,"showImageEffects":true,"showParticleSystems":true,"showVisualEffectGraphs":true,"m_FxEnabled":true},"in2DMode":false,"pivot":{"x":-2.535092830657959,"y":2.821125030517578,"z":0.2998599410057068},"rotation":{"x":-0.005933317821472883,"y":0.9939475655555725,"z":-0.08790123462677002,"w":-0.06687703728675842},"size":3.0423061847686769,"orthographic":false}