{"cameraMode":{"drawMode":0,"name":"Shaded","section":"Shading Mode"},"sceneLighting":false,"audioPlay":false,"sceneViewState":{"m_AlwaysRefresh":false,"showFog":true,"showSkybox":false,"showFlares":true,"showImageEffects":true,"showParticleSystems":true,"showVisualEffectGraphs":true,"m_FxEnabled":true},"in2DMode":false,"pivot":{"x":-1.3719481229782105,"y":0.6080371141433716,"z":0.9307270050048828},"rotation":{"x":0.07935699820518494,"y":-0.9178419709205627,"z":0.31255435943603518,"w":0.23314911127090455},"size":1.4177446365356446,"orthographic":false}