{"cameraMode":{"drawMode":0,"name":"Shaded","section":"Shading Mode"},"sceneLighting":false,"audioPlay":false,"sceneViewState":{"m_AlwaysRefresh":false,"showFog":true,"showSkybox":false,"showFlares":true,"showImageEffects":true,"showParticleSystems":true,"showVisualEffectGraphs":true,"m_FxEnabled":true},"in2DMode":false,"pivot":{"x":-3.1495742797851564,"y":0.8707501888275147,"z":-1.7904893159866334},"rotation":{"x":0.020081201568245889,"y":-0.9589096903800964,"z":0.07037656009197235,"w":0.27628204226493838},"size":2.829421043395996,"orthographic":false}