{"cameraMode":{"drawMode":0,"name":"Shaded","section":"Shading Mode"},"sceneLighting":false,"audioPlay":false,"sceneViewState":{"m_AlwaysRefresh":false,"showFog":true,"showSkybox":false,"showFlares":true,"showImageEffects":true,"showParticleSystems":true,"showVisualEffectGraphs":true,"m_FxEnabled":true},"in2DMode":false,"pivot":{"x":-2.4687232971191408,"y":0.328335165977478,"z":-3.989102363586426},"rotation":{"x":-0.0038997384253889324,"y":0.9955199956893921,"z":-0.08352655172348023,"w":-0.046006519347429278},"size":3.1631672382354738,"orthographic":false}